﻿width,k,k_factor,riv_Cond,cond_factor,sy,sy_factor,b,b_factor,river_stage,river_stage_factor,irrigation,irrigation_factor,Valley_fill_recharge,block_recharge,block_recharge_factor,
reset_pattern_1,3,0.03,3,0.03,0.3,1,10,0.5,1,0.5,0.1,1,0.1,0.25,0.02,0.02
reset_pattern_1,3,0.03,3,0.03,0.3,1,10,0.5,1,0.5,0.1,1,0.1,0.25,0.02,0.02
reset_pattern_1,3,0.03,3,0.03,0.3,1,10,0.5,1,0.5,0.1,1,0.1,0.25,0.02,0.02
reset_pattern_2,3,0.03,3,0.03,0.3,1,10,0.5,1,0.5,0.1,1,0.1,0.25,0.01,0.01
reset_pattern_2,3,0.03,3,0.03,0.3,1,10,0.5,1,0.5,0.1,1,0.1,0.25,0.01,0.01
reset_pattern_2,3,0.03,3,0.03,0.3,1,10,0.5,1,0.5,0.1,1,0.1,0.25,0.01,0.01
reset_pattern_1,3,0.03,3,0.03,0.3,1,10,0.5,1,0.5,0.1,1,0.1,0.25,0.02,0.02
reset_pattern_2,3,0.03,3,0.03,0.3,1,10,0.5,1,0.5,0.1,1,0.1,0.25,0.01,0.01
